portal	method	path	name	alias	crud	menu_path	file	handler
商户后台	POST	cartBatchUpdatePrice	behalfCartBatchUpdatePrice	批量修改价格	U		merchant/behalfcustomerorder.php	Cart/batchUpdatePrice
商户后台	POST	cartChange/:id	behalfCartChange	修改购物车数据	U		merchant/behalfcustomerorder.php	Cart/change
商户后台	POST	cartClear	behalfCartClear	清空购物车	D		merchant/behalfcustomerorder.php	Cart/clear
商户后台	GET	cartCount	behalfCartCount	购物车总数量	O		merchant/behalfcustomerorder.php	Cart/count
商户后台	POST	cartCreate	behalfCartCreate	添加购物车	C		merchant/behalfcustomerorder.php	Cart/create
商户后台	DELETE	cartDelete/:id	behalfCartDelete	删除购物数据	D		merchant/behalfcustomerorder.php	Cart/delete
商户后台	GET	cartList	behalfCartList	购物车列表	R		merchant/behalfcustomerorder.php	Cart/list
商户后台	POST	cartUpdatePrice/:id	behalfCartUpdatePrice	修改价格	U		merchant/behalfcustomerorder.php	Cart/updatePrice
商户后台	POST	orderCheck	behalfCheck	校验订单	O		merchant/behalfcustomerorder.php	Order/check
商户后台	POST	orderCreate	behalfCreate	创建订单	C		merchant/behalfcustomerorder.php	Order/create
商户后台	POST	orderPay/:id	behalfPay	支付	C		merchant/behalfcustomerorder.php	Order/pay
商户后台	POST	payConfig	behalfPayConfig	支付配置	CU		merchant/behalfcustomerorder.php	Order/payConfig
商户后台	POST	payStatus/:id	behalfPayStatus	获取结果	CR		merchant/behalfcustomerorder.php	Order/payStatus
商户后台	GET	productCategory	behalfProductCategory	商品分类	O		merchant/behalfcustomerorder.php	Product/category
商户后台	GET	productDetail/:id	behalfProductDetail	商品规格详情	R		merchant/behalfcustomerorder.php	Product/detail
商户后台	GET	productList	behalfProductList	商品列表	R		merchant/behalfcustomerorder.php	Product/list
商户后台	POST	userAddressCreate	behalfUserAddressCreate	地址添加	C		merchant/behalfcustomerorder.php	User/addressCreate
商户后台	GET	userAddressList	behalfUserAddressList	地址列表	CR		merchant/behalfcustomerorder.php	User/addressList
商户后台	POST	userCreate	behalfUserCreate	会员添加	C		merchant/behalfcustomerorder.php	User/create
商户后台	GET	userInfo	behalfUserInfo	会员详情	R		merchant/behalfcustomerorder.php	User/info
商户后台	GET	userQuery	behalfUserQuery	会员查询	R		merchant/behalfcustomerorder.php	User/query
商户后台	POST	orderVerify	behalfVerify	余额支付获取验证码	CR		merchant/behalfcustomerorder.php	Order/verify
商户后台	POST	create	merFormCreate	添加	C		merchant/form.php	/create
商户后台	DELETE	delete/:id	merFormDelete	删除	D		merchant/form.php	/delete
商户后台	GET	detail/:id	merFormDetail	详情	R		merchant/form.php	/detail
商户后台	GET	lst	merFormLst	列表	R		merchant/form.php	/lst
商户后台	POST	update/:id	merFormUpdate	编辑	U		merchant/form.php	/update
商户后台	POST	create	merchantAdminCreate	添加	C		merchant/role.php	/create
商户后台	GET	create/form	merchantAdminCreateForm	添加表单	C		merchant/role.php	/createForm
商户后台	DELETE	delete/:id	merchantAdminDelete	删除	D		merchant/role.php	/delete
商户后台	POST	edit	merchantAdminEdit	修改信息	U		merchant/role.php	/edit
商户后台	GET	edit/form	merchantAdminEditForm	修改信息表单	U		merchant/role.php	/editForm
商户后台	POST	edit/password	merchantAdminEditPassword	修改密码	U		merchant/role.php	/editPassword
商户后台	GET	edit/password/form	merchantAdminEditPasswordForm	修改密码表单	U		merchant/role.php	/editPasswordForm
商户后台	GET	lst	merchantAdminLst	列表	R		merchant/role.php	/getList
商户后台	POST	password/:id	merchantAdminPassword	修改密码	U		merchant/role.php	/password
商户后台	GET	password/form/:id	merchantAdminPasswordForm	修改密码表单	U		merchant/role.php	/passwordForm
商户后台	POST	status/:id	merchantAdminStatus	修改状态	U		merchant/role.php	/switchStatus
商户后台	POST	update/:id	merchantAdminUpdate	编辑	U		merchant/role.php	/update
商户后台	GET	update/form/:id	merchantAdminUpdateForm	编辑表单	U		merchant/role.php	/updateForm
商户后台	GET	line_chart	merchantAnalyticsOrderLineChart	折线图统计	R		merchant/analytics.php	/lineChart
商户后台	GET	top	merchantAnalyticsOrderTop	顶部统计	R		merchant/analytics.php	/top
商户后台	GET	pie_chart/:type	merchantAnalyticsOrderTypePieChart	折线图统计	R		merchant/analytics.php	/typePieCahrt
商户后台	GET	line_chart	merchantAnalyticsProductLineChart	折线图统计	R		merchant/analytics.php	/lineChart
商户后台	GET	top	merchantAnalyticsProductTop	顶部统计	R		merchant/analytics.php	/top
商户后台	GET	pie_chart/:type	merchantAnalyticsProductTypePieChart	折线图统计	R		merchant/analytics.php	/typePieCahrt
商户后台	GET	check	merchantApplymentsCheck	查询审核结果	RU		merchant/accounts.php	/check
商户后台	POST	create	merchantApplymentsCreate	申请	C		merchant/accounts.php	/create
商户后台	GET	detail	merchantApplymentsDetail	详情	R		merchant/accounts.php	/detail
商户后台	POST	update/:id	merchantApplymentsUpdate	编辑	U		merchant/accounts.php	/update
商户后台	POST	upload/:field	merchantApplymentsUpload	上传图片	C		merchant/accounts.php	/uploadImage
商户后台	POST	upload/video/:field	merchantApplymentsUploadVideo	上传视频	C		merchant/accounts.php	/uploadVideo
商户后台	POST	category	merchantAttachmentBatchChangeCategory	批量修改	U		merchant/attachment.php	/batchChangeCategory
商户后台	POST	create	merchantAttachmentCategoryCreate	添加	C		merchant/attachment.php	/create
商户后台	GET	create/form	merchantAttachmentCategoryCreateForm	添加表单	C		merchant/attachment.php	/createForm
商户后台	DELETE	delete/:id	merchantAttachmentCategoryDelete	删除	D		merchant/attachment.php	/delete
商户后台	GET	formatLst	merchantAttachmentCategoryGetFormatList	列表	R		merchant/attachment.php	/getFormatList
商户后台	POST	update/:id	merchantAttachmentCategoryUpdate	编辑	U		merchant/attachment.php	/update
商户后台	GET	update/form/:id	merchantAttachmentCategoryUpdateForm	编辑表单	U		merchant/attachment.php	/updateForm
商户后台	DELETE	delete	merchantAttachmentDelete	删除	D		merchant/attachment.php	/delete
商户后台	GET	lst	merchantAttachmentLst	列表	R		merchant/attachment.php	/getList
商户后台	POST	online_upload	merchantAttachmentOnline	在线图片	O		merchant/attachment.php	/onlineUpload
商户后台	GET	scan_upload/image/:token	merchantAttachmentScanImage	扫码上传图片	C		merchant/attachment.php	/scanUploadImage
商户后台	POST	scan_upload/image/:token	merchantAttachmentScanImageSave	扫码上传保存	C		merchant/attachment.php	/scanUploadSave
商户后台	GET	scan_upload/qrcode/:pid	merchantAttachmentScanQrcode	上传二维码	C		merchant/attachment.php	/scanUploadQrcode
商户后台	POST	update/:id	merchantAttachmentUpdate	编辑	U		merchant/attachment.php	/update
商户后台	GET	update/:id/form	merchantAttachmentUpdateForm	编辑表单的	U		merchant/attachment.php	/updateForm
商户后台	POST	addassistant/:id	merchantBroadcastAddAssistant	添加 客服	C		merchant/marketing.php	/addAssistant
商户后台	GET	addassistant/form/:id	merchantBroadcastAddAssistantForm	添加客服表单	C		merchant/marketing.php	/addAssistantForm
商户后台	POST	create	merchantBroadcastAssistantCreate	添加	C		merchant/marketing.php	/create
商户后台	GET	create/form	merchantBroadcastAssistantCreateForm	添加表单	C		merchant/marketing.php	/createForm
商户后台	DELETE	delete/:id	merchantBroadcastAssistantDelete	删除	D		merchant/marketing.php	/delete
商户后台	GET	lst	merchantBroadcastAssistantLst	列表	R		merchant/marketing.php	/lst
商户后台	POST	mark/:id	merchantBroadcastAssistantMark	备注	U		merchant/marketing.php	/mark
商户后台	POST	update/:id	merchantBroadcastAssistantUpdate	编辑	U		merchant/marketing.php	/update
商户后台	GET	update/:id/form	merchantBroadcastAssistantUpdateForm	编辑表单	U		merchant/marketing.php	/updateForm
商户后台	POST	status/:id	merchantBroadcastGoodsChangeStatus	修改状态	U		merchant/marketing.php	/changeStatus
商户后台	POST	create	merchantBroadcastGoodsCreate	添加	C		merchant/marketing.php	/create
商户后台	GET	create/form	merchantBroadcastGoodsCreateForm	添加表单	C		merchant/marketing.php	/createForm
商户后台	DELETE	delete/:id	merchantBroadcastGoodsDelete	删除	D		merchant/marketing.php	/delete
商户后台	GET	detail/:id	merchantBroadcastGoodsDetail	详情	R		merchant/marketing.php	/detail
商户后台	GET	lst	merchantBroadcastGoodsLst	列表	R		merchant/marketing.php	/lst
商户后台	POST	mark/:id	merchantBroadcastGoodsMark	备注	U		merchant/marketing.php	/mark
商户后台	POST	update/:id	merchantBroadcastGoodsUpdate	编辑	U		merchant/marketing.php	/update
商户后台	GET	update/form/:id	merchantBroadcastGoodsUpdateForm	编辑表单	U		merchant/marketing.php	/updateForm
商户后台	POST	batch_create	merchantBroadcastGoodsbatchCreate	批量添加	C		merchant/marketing.php	/batchCreate
商户后台	POST	on_sale/:id	merchantBroadcastOnSale	商品上下架	U		merchant/marketing.php	/onSale
商户后台	GET	push_message/:id	merchantBroadcastPushMessage	消息推送	O		merchant/marketing.php	/pushMessage
商户后台	POST	status/:id	merchantBroadcastRoomChangeStatus	修改状态	U		merchant/marketing.php	/changeStatus
商户后台	POST	comment/:id	merchantBroadcastRoomCloseComment	禁言	O		merchant/marketing.php	/banComment
商户后台	POST	feedsPublic/:id	merchantBroadcastRoomCloseFeeds	收录	O		merchant/marketing.php	/isFeedsPublic
商户后台	POST	closeKf/:id	merchantBroadcastRoomCloseKf	关闭客服	D		merchant/marketing.php	/closeKf
商户后台	POST	create	merchantBroadcastRoomCreate	添加	C		merchant/marketing.php	/create
商户后台	GET	create/form	merchantBroadcastRoomCreateForm	添加表单	C		merchant/marketing.php	/createForm
商户后台	DELETE	delete/:id	merchantBroadcastRoomDelete	删除	D		merchant/marketing.php	/delete
商户后台	GET	detail/:id	merchantBroadcastRoomDetail	详情	R		merchant/marketing.php	/detail
商户后台	POST	export_goods	merchantBroadcastRoomExportGoods	导入商品	C		merchant/marketing.php	/exportGoods
商户后台	GET	goods/:id	merchantBroadcastRoomGoods	商品详情	R		merchant/marketing.php	/goodsList
商户后台	GET	lst	merchantBroadcastRoomLst	列表 	R		merchant/marketing.php	/lst
商户后台	POST	mark/:id	merchantBroadcastRoomMark	备注	U		merchant/marketing.php	/mark
商户后台	POST	rm_goods	merchantBroadcastRoomRmExportGoods	删除商品	D		merchant/marketing.php	/rmExportGoods
商户后台	POST	update/:id	merchantBroadcastRoomUpdate	编辑	U		merchant/marketing.php	/update
商户后台	GET	update/form/:id	merchantBroadcastRoomUpdateForm	编辑表单	U		merchant/marketing.php	/updateForm
商户后台	GET	cate/lst	merchantCommunityCateLst	分类列表	R		merchant/content.php	/cateLst
商户后台	POST	create	merchantCommunityCreate	添加	C		merchant/content.php	/create
商户后台	DELETE	delete/:id	merchantCommunityDelete	删除	D		merchant/content.php	/delete
商户后台	GET	detail/:id	merchantCommunityDetail	详情	R		merchant/content.php	/detail
商户后台	GET	lst	merchantCommunityLst	列表	R		merchant/content.php	/lst
商户后台	GET	reply/:id	merchantCommunityReply	评论	O		merchant/content.php	/reply
商户后台	POST	update/:id	merchantCommunityUpdate	编辑	U		merchant/content.php	/update
商户后台	POST	create	merchantCouponCreate	添加	C		merchant/coupon.php	/create
商户后台	GET	create/form	merchantCouponCreateForm	添加表单	C		merchant/coupon.php	/createForm
商户后台	DELETE	delete/:id	merchantCouponDelete	删除	D		merchant/coupon.php	/delete
商户后台	GET	detail/:id	merchantCouponDetail	详情	R		merchant/coupon.php	/detail
商户后台	POST	status/:id	merchantCouponIssueChangeStatus	修改状态	U		merchant/coupon.php	/changeStatus
商户后台	GET	clone/form/:id	merchantCouponIssueCloneForm	复制表单	C		merchant/coupon.php	/cloneForm
商户后台	GET	lst	merchantCouponLst	列表	R		merchant/coupon.php	/lst
商户后台	GET	default_lst	merchantDefaultDiyLst	默认模板列表 	R		merchant/diy.php	/defaultLst
商户后台	GET	settings	merchantDeliveryConfigSettings	配送设置信息	U		merchant/delivery.php	/configuration
商户后台	POST	update/:id	merchantDeliveryConfigUpdate	更新配送设置信息	U		merchant/delivery.php	/update
商户后台	POST	create	merchantDeliveryServiceCreate	添加	C		merchant/delivery.php	/create
商户后台	GET	create/form	merchantDeliveryServiceCreateForm	添加表单	C		merchant/delivery.php	/createForm
商户后台	DELETE	delete/:id	merchantDeliveryServiceDelete	删除	D		merchant/delivery.php	/delete
商户后台	GET	lst	merchantDeliveryServiceLst	列表	R		merchant/delivery.php	/lst
商户后台	GET	statisticsDetail/:id	merchantDeliveryServiceStatisticsDetail	统计详情	R		merchant/delivery.php	/statisticsDetail
商户后台	GET	statisticsList	merchantDeliveryServiceStatisticsList	统计列表	R		merchant/delivery.php	/statisticsList
商户后台	POST	status/:id	merchantDeliveryServiceStatus	修改状态	U		merchant/delivery.php	/switchWithStatus
商户后台	POST	update/:id	merchantDeliveryServiceUpdate	编辑	U		merchant/delivery.php	/update
商户后台	GET	update/:id/form	merchantDeliveryServiceUpdateForm	编辑	U		merchant/delivery.php	/updateForm
商户后台	GET	copy/:id	merchantDiyCopy	复制	C		merchant/diy.php	/copy
商户后台	POST	create/:id	merchantDiyCreate	添加/编辑	CU		merchant/diy.php	/saveData
商户后台	DELETE	delete/:id	merchantDiyDelete	删除	D		merchant/diy.php	/del
商户后台	GET	detail/:id	merchantDiyDetail	详情 	R		merchant/diy.php	/getInfo
商户后台	GET	show	merchantDiyInfo	当前使用模板	O		merchant/diy.php	/getDiyInfo
商户后台	GET	lst	merchantDiyLst	列表 	R		merchant/diy.php	/lst
商户后台	GET	info	merchantDiyProductCategoryInfo	商品分类信息	O		merchant/diy.php	/productCategoryInfo
商户后台	POST	create/:id	merchantDiyProductCategorySave	保存商品分类	C		merchant/diy.php	/saveData
商户后台	GET	product/lst	merchantDiyProductLst	店铺街装修	R		merchant/diy.php	/productLst
商户后台	GET	recovery/:id	merchantDiyRecovery	重置模板	O		merchant/diy.php	/recovery/
商户后台	POST	set_default_data/:id	merchantDiySetDefault	使用模板	O		merchant/diy.php	/setDefaultData
商户后台	POST	status/:id	merchantDiyStatus	使用模板	O		merchant/diy.php	/setStatus
商户后台	POST	/changeMerStatus/:id	merchantExpressChangeMerStatus	修改状态	U		merchant/delivery.php	/merStatus
商户后台	POST	/partner/:id	merchantExpressPratnerUpdate	月结账号编辑	U		merchant/delivery.php	/partner
商户后台	GET	/partner/:id/form	merchantExpressPratnerUpdateForm	月结账号编辑表单	U		merchant/delivery.php	/partnerForm
商户后台	GET	lst	merchantFinanciaRecordlLst	列表	R		merchant/accounts.php	/getList
商户后台	GET	account/form	merchantFinancialAccountForm	收款方式表单	O		merchant/accounts.php	/accountForm
商户后台	POST	account	merchantFinancialAccountSave	收款方式	C		merchant/accounts.php	/accountSave
商户后台	GET	count	merchantFinancialCount	统计	R		merchant/accounts.php	/title
商户后台	GET	create/form	merchantFinancialCreateForm	申请表单	C		merchant/accounts.php	Financial/createForm
商户后台	POST	create	merchantFinancialCreateSave	申请	C		merchant/accounts.php	Financial/createSave
商户后台	DELETE	delete/:id	merchantFinancialDelete	删除	D		merchant/accounts.php	Financial/delete
商户后台	GET	detail/:id	merchantFinancialDetail	详情	R		merchant/accounts.php	Financial/detail
商户后台	GET	export	merchantFinancialExport	导出	R		merchant/accounts.php	Financial/export
商户后台	GET	lst	merchantFinancialLst	转账记录	R		merchant/accounts.php	Financial/lst
商户后台	POST	mark/:id	merchantFinancialMark	备注	U		merchant/accounts.php	Financial/mark
商户后台	GET	mark/:id/form	merchantFinancialMarkForm	备注表单	U		merchant/accounts.php	Financial/markForm
商户后台	GET	detail/:type	merchantFinancialRecordDetail	详情	R		merchant/accounts.php	/detail
商户后台	GET	detail_export/:type	merchantFinancialRecordDetailExport	导出	R		merchant/accounts.php	/exportDetail
商户后台	GET	export	merchantFinancialRecordExport	导出	R		merchant/accounts.php	/export
商户后台	GET	list	merchantFinancialRecordList	列表	R		merchant/accounts.php	/lst
商户后台	POST	refund/margin	merchantFinancialRefundMargin	退保证金检测	O		merchant/accounts.php	Financial/refundMargin
商户后台	POST	refund/margin	merchantFinancialRefundMargin	列表	R		merchant/accounts.php	Financial/refundMargin
商户后台	POST	refund/margin_apply	merchantFinancialRefundMarginApply	退保证金申请	O		merchant/accounts.php	Financial/refundMarginApply
商户后台	GET	title	merchantFinancialTitle	统计	R		merchant/accounts.php	/getTitle
商户后台	POST	data/status/:id	merchantGroupDataChangeStatus	数据修改状态	U		merchant/group.php	Data/changeStatus
商户后台	POST	data/create/:groupId	merchantGroupDataCreate	数据添加	C		merchant/group.php	Data/create
商户后台	GET	data/create/table/:groupId	merchantGroupDataCreateForm	数据添加表单	C		merchant/group.php	Data/createTable
商户后台	DELETE	data/delete/:id	merchantGroupDataDelete	数据删除	D		merchant/group.php	Data/delete
商户后台	GET	data/lst/:groupId	merchantGroupDataLst	数据列表	R		merchant/group.php	Data/lst
商户后台	POST	data/update/:groupId/:id	merchantGroupDataUpdate	数据编辑	U		merchant/group.php	Data/update
商户后台	GET	data/update/table/:groupId/:id	merchantGroupDataUpdateForm	数据编辑表单	U		merchant/group.php	Data/updateTable
商户后台	GET	detail/:id	merchantGroupDetail	数据详情	R		merchant/group.php	/get
商户后台	DELETE	delete/:id	merchantGuaranteeDelete	删除	D		merchant/product.php	/delete
商户后台	GET	detail/:id	merchantGuaranteeDetail	详情	R		merchant/product.php	/detail
商户后台	GET	lst	merchantGuaranteeLst	列表	R		merchant/product.php	/lst
商户后台	POST	sort/:id	merchantGuaranteeSort	排序	U		merchant/product.php	/sort
商户后台	POST	status/:id	merchantGuaranteeStatus	修改状态	U		merchant/product.php	/switchStatus
商户后台	POST	update/:id	merchantGuaranteeUpdate	编辑	U		merchant/product.php	/update
商户后台	GET	lst	merchantIntegralList	列表	R		merchant/marketing.php	/getList
商户后台	GET	title	merchantIntegralTitle	统计	R		merchant/marketing.php	/getTitle
商户后台	POST	create	merchantLabelRuleCreate	添加	C		merchant/users.php	/create
商户后台	DELETE	delete/:id	merchantLabelRuleDelete	删除	D		merchant/users.php	/delete
商户后台	GET	lst	merchantLabelRuleLst	列表	R		merchant/users.php	/getList
商户后台	POST	sync/:id	merchantLabelRuleSync	自动同步	U		merchant/users.php	/sync
商户后台	POST	update/:id	merchantLabelRuleUpdate	编辑	U		merchant/users.php	/update
商户后台	POST	create	merchantOpenapiCreate	添加	C		merchant/openapi.php	OpenApi/create
商户后台	GET	create/form	merchantOpenapiCreateForm	添加Form	C		merchant/openapi.php	OpenApi/createForm
商户后台	DELETE	delete/:id	merchantOpenapiDeleta	删除	D		merchant/openapi.php	OpenApi/delete
商户后台	GET	get_secret_key/:id	merchantOpenapiGetSecretKey	查看	R		merchant/openapi.php	OpenApi/getSecretKey
商户后台	GET	lst	merchantOpenapiLst	列表	R		merchant/openapi.php	OpenApi/lst
商户后台	POST	set_secret_key/:id	merchantOpenapiSetSecretKey	重置	O		merchant/openapi.php	OpenApi/setSecretKey
商户后台	POST	status/:id	merchantOpenapiStatus	修改状态	U		merchant/openapi.php	OpenApi/switchWithStatus
商户后台	POST	update/:id	merchantOpenapiUpdate	编辑	U		merchant/openapi.php	OpenApi/update
商户后台	GET	update/:id/form	merchantOpenapiUpdateForm	编辑Form	U		merchant/openapi.php	OpenApi/updateForm
商户后台	GET	export	merchantOrderProfitsharingExport	导出	R		merchant/accounts.php	/export
商户后台	GET	lst	merchantOrderProfitsharingLst	列表	R		merchant/accounts.php	/getList
商户后台	GET	detail/:id	merchantOrderReceiptDetail	详情	R		merchant/accounts.php	/detail
商户后台	GET	lst	merchantOrderReceiptLst	列表	R		merchant/accounts.php	/lst
商户后台	POST	mark/:id	merchantOrderReceiptMark	备注	U		merchant/accounts.php	/mark
商户后台	GET	mark/:id/form	merchantOrderReceiptMarkForm	备注表单	U		merchant/accounts.php	/markForm
商户后台	POST	save_recipt	merchantOrderReceiptSave	保存发票	C		merchant/accounts.php	/saveRecipt
商户后台	GET	set_recipt	merchantOrderReceiptSetRecipt	开发票	O		merchant/accounts.php	/setRecipt
商户后台	POST	update/:id	merchantOrderReceiptUpdate	编辑	U		merchant/accounts.php	/update
商户后台	GET	form/:id	merchantProductReplyForm	回复表单	U		merchant/product.php	/replyForm
商户后台	GET	lst	merchantProductReplyLst	列表	R		merchant/product.php	/lst
商户后台	POST	reply/:id	merchantProductReplyReply	回复	U		merchant/product.php	/reply
商户后台	POST	sort/:id	merchantProductReplySort	排序	U		merchant/product.php	/changeSort
商户后台	GET	list	merchantReservationServiceList	预约日历	O		merchant/order.php	ReservationService/list
商户后台	POST	create	merchantRoleCreate	添加	C		merchant/role.php	/create
商户后台	GET	create/form	merchantRoleCreateForm	添加表单	C		merchant/role.php	/createForm
商户后台	DELETE	delete/:id	merchantRoleDelete	删除	D		merchant/role.php	/delete
商户后台	GET	lst	merchantRoleGetList	列表	R		merchant/role.php	/getList
商户后台	POST	status/:id	merchantRoleStatus	修改状态	U		merchant/role.php	/switchStatus
商户后台	POST	update/:id	merchantRoleUpdate	编辑	U		merchant/role.php	/update
商户后台	GET	update/form/:id	merchantRoleUpdateForm	编辑表单	U		merchant/role.php	/updateForm
商户后台	GET	code	merchantServeCode	支付二维码	C		merchant/yihaotong.php	Serve/getQrCode
商户后台	GET	detail/:id	merchantServeDetail	详情	R		merchant/yihaotong.php	Serve/detail
商户后台	GET	/dump_lst	merchantServeExportDumpLst	默认模板	R		merchant/order.php	/dumpLst
商户后台	GET	/lst	merchantServeExportLst	列表	R		merchant/delivery.php	/lst
商户后台	GET	/temps	merchantServeExportTemps	预览	R		merchant/order.php	/getExportTemp
商户后台	GET	paylst	merchantServeLst	购买记录	CR		merchant/yihaotong.php	Serve/lst
商户后台	GET	meal	merchantServeMeal	套餐列表	R		merchant/yihaotong.php	Serve/meal
商户后台	POST	create	merchantServiceCreate	添加	C		merchant/service.php	StoreService/create
商户后台	GET	create/form	merchantServiceCreateForm	添加表单	C		merchant/service.php	StoreService/createForm
商户后台	DELETE	delete/:id	merchantServiceDelete	删除	D		merchant/service.php	StoreService/delete
商户后台	POST	login/:id	merchantServiceLogin	登录	O		merchant/service.php	StoreService/login
商户后台	GET	list	merchantServiceLst	列表	R		merchant/service.php	StoreService/lst
商户后台	GET	/:id/lst	merchantServiceMerchantUserLogLst	用户与商户聊天记录	R		merchant/service.php	StoreService/getUserMsnByMerchant
商户后台	POST	create	merchantServiceReplyCreate	添加	C		merchant/service.php	StoreServiceReply/create
商户后台	DELETE	delete/:id	merchantServiceReplyDelete	删除	D		merchant/service.php	StoreServiceReply/delete
商户后台	GET	list	merchantServiceReplyLst	列表	R		merchant/service.php	StoreServiceReply/lst
商户后台	POST	status/:id	merchantServiceReplyStatus	切换状态	U		merchant/service.php	StoreServiceReply/changeStatus
商户后台	POST	update/:id	merchantServiceReplyUpdate	编辑	U		merchant/service.php	StoreServiceReply/update
商户后台	GET	mer/:id/user	merchantServiceServiceMerchantUserList	客服的聊天用户列表	R		merchant/service.php	StoreService/merchantUserList
商户后台	GET	/:id/user	merchantServiceServiceUserList	客服的全部用户 	O		merchant/service.php	StoreService/serviceUserList
商户后台	GET	/:id/:uid/lst	merchantServiceServiceUserLogLst	用户与客服聊天记录	R		merchant/service.php	StoreService/getUserMsnByService
商户后台	POST	status/:id	merchantServiceSwitchStatus	修改状态	U		merchant/service.php	StoreService/changeStatus
商户后台	POST	update/:id	merchantServiceUpdate	编辑	U		merchant/service.php	StoreService/update
商户后台	GET	update/form/:id	merchantServiceUpdateForm	编辑表单	U		merchant/service.php	StoreService/updateForm
商户后台	POST	create	merchantStaffsCreate	添加	C		merchant/staffs.php	Staffs/create
商户后台	GET	create/form	merchantStaffsCreateForm	添加表单	C		merchant/staffs.php	Staffs/createForm
商户后台	DELETE	delete/:id	merchantStaffsDelete	删除	D		merchant/staffs.php	Staffs/delete
商户后台	GET	list	merchantStaffsLst	列表	R		merchant/staffs.php	Staffs/lst
商户后台	GET	statisticsDetail/:id	merchantStaffsStatisticsDetail	详情	R		merchant/staffs.php	Staffs/statisticsDetail
商户后台	GET	statisticsList	merchantStaffsStatisticsList	列表	R		merchant/staffs.php	Staffs/statisticsList
商户后台	POST	status/:id	merchantStaffsSwitchStatus	修改状态	U		merchant/staffs.php	Staffs/changeStatus
商户后台	POST	update/:id	merchantStaffsUpdate	编辑	U		merchant/staffs.php	Staffs/update
商户后台	GET	update/form/:id	merchantStaffsUpdateForm	编辑表单	U		merchant/staffs.php	Staffs/updateForm
商户后台	GET	main	merchantStatisticsMain	所有数据	O		merchant/system.php	/main
商户后台	GET	get_merchant_count	merchantStatisticsMerchantCount	首页未处理业务统计	R		merchant/system.php	/getMerchantCount
商户后台	GET	get_merchant_todo	merchantStatisticsMerchantTodo	待办事项	O		merchant/system.php	/getMerchantTodo
商户后台	GET	order	merchantStatisticsOrder	支付订单	C		merchant/system.php	/order
商户后台	GET	product	merchantStatisticsProduct	商品支付排行	C		merchant/system.php	/product
商户后台	GET	product_cart	merchantStatisticsProductCart	商品加购排行	O		merchant/system.php	/productCart
商户后台	GET	get_product_sales_price_top	merchantStatisticsProductSalesPriceTop	获取商户代办统计	R		merchant/system.php	/getProductSalesPriceTop
商户后台	GET	product_visit	merchantStatisticsProductVisit	商品访问排行	O		merchant/system.php	/productVisit
商户后台	GET	user	merchantStatisticsUser	成交客户	O		merchant/system.php	/user
商户后台	GET	user_rate	merchantStatisticsUserRate	成交客户比	O		merchant/system.php	/userRate
商户后台	POST	create	merchantStoreAttrTemplateCreate	添加 	C		merchant/product.php	/create
商户后台	DELETE	:id	merchantStoreAttrTemplateDelete	删除	D		merchant/product.php	/delete
商户后台	GET	lst	merchantStoreAttrTemplateLst	列表	R		merchant/product.php	/lst
商户后台	POST	:id	merchantStoreAttrTemplateUpdate	文件类型	U		merchant/product.php	/update
商户后台	POST	create	merchantStoreCategoryCreate	添加	C		merchant/product.php	/create
商户后台	GET	create/form	merchantStoreCategoryCreateForm	添加表单	C		merchant/product.php	/createForm
商户后台	DELETE	delete/:id	merchantStoreCategoryDelete	删除	D		merchant/product.php	/delete
商户后台	GET	detail/:id	merchantStoreCategoryDtailt	详情	R		merchant/product.php	/detail
商户后台	GET	lst	merchantStoreCategoryLst	列表	R		merchant/product.php	/lst
商户后台	POST	status/:id	merchantStoreCategorySwitchStatus	修改状态	U		merchant/product.php	/switchStatus
商户后台	POST	update/:id	merchantStoreCategoryUpdate	编辑	U		merchant/product.php	/update
商户后台	GET	update/form/:id	merchantStoreCategoryUpdateForm	编辑表单	U		merchant/product.php	/updateForm
商户后台	GET	business	merchantStoreDeliveryBusiness	获取分类	R		merchant/delivery.php	/getBusiness
商户后台	GET	getCity	merchantStoreDeliveryCityList	城市列表	R		merchant/delivery.php	/getCityLst
商户后台	POST	create	merchantStoreDeliveryCreate	添加	C		merchant/delivery.php	/create
商户后台	DELETE	delete/:id	merchantStoreDeliveryDelete	删除	D		merchant/delivery.php	/delete
商户后台	GET	detail/:id	merchantStoreDeliveryDetail	详情	R		merchant/delivery.php	/detail
商户后台	GET	lst	merchantStoreDeliveryLst	列表	R		merchant/delivery.php	/lst
商户后台	POST	mark/:id	merchantStoreDeliveryMark	备注	U		merchant/delivery.php	/mark
商户后台	GET	mark/:id/form	merchantStoreDeliveryMarkForm	备注表单	U		merchant/delivery.php	/markForm
商户后台	POST	status/:id	merchantStoreDeliveryStatus	编辑状态	U		merchant/delivery.php	/switchWithStatus
商户后台	POST	update/:id	merchantStoreDeliveryUpdate	编辑	U		merchant/delivery.php	/update
商户后台	POST	create	merchantStoreDiscountsCreate	添加	C		merchant/product.php	/create
商户后台	DELETE	delete/:id	merchantStoreDiscountsDelete	删除	D		merchant/product.php	/delete
商户后台	GET	detail/:id	merchantStoreDiscountsDetail	详情	R		merchant/product.php	/detail
商户后台	GET	lst	merchantStoreDiscountsLst	列表	R		merchant/product.php	/lst
商户后台	POST	status/:id	merchantStoreDiscountsStatus	修改状态	U		merchant/product.php	/switchStatus
商户后台	POST	update/:id	merchantStoreDiscountsUpdate	编辑	U		merchant/product.php	/update
商户后台	POST	delivery_batch	merchantStoreOrderBatchDelivery	批量发货	U		merchant/order.php	Order/batchDelivery
商户后台	GET	children/:id	merchantStoreOrderChildrenList	关联订单	O		merchant/order.php	Order/childrenList
商户后台	POST	collectCargo/:id	merchantStoreOrderCollectCargo	修改收货信息	U		merchant/order.php	Order/collectCargo
商户后台	GET	collectCargo/:id/form	merchantStoreOrderCollectCargoForm	修改收货信息表单	U		merchant/order.php	Order/collectCargoForm
商户后台	POST	delete/:id	merchantStoreOrderDelete	删除	D		merchant/order.php	Order/delete
商户后台	POST	delivery/:id	merchantStoreOrderDelivery	发货	U		merchant/order.php	Order/delivery
商户后台	POST	confirm/:id	merchantStoreOrderDeliveryConfirm	同城配送核销	U		merchant/order.php	Order/deliveryConfirm
商户后台	POST	dispatch/:id	merchantStoreOrderDeliveryDispatch	同城配送派单	O		merchant/order.php	Order/deliveryDispatch
商户后台	GET	delivery_export	merchantStoreOrderDeliveryExport	导出发货单	RU		merchant/order.php	Order/deliveryExport
商户后台	POST	/:type	merchantStoreOrderDeliveryImport	导入	C		merchant/order.php	StoreImport/import
商户后台	GET	detail/:id	merchantStoreOrderDeliveryImportDetail	详情	R		merchant/order.php	StoreImport/detail
商户后台	GET	excel/:id	merchantStoreOrderDeliveryImportExcel	导出发货记录	RU		merchant/order.php	StoreImport/export
商户后台	GET	lst	merchantStoreOrderDeliveryImportLst	导入记录	CR		merchant/order.php	StoreImport/lst
商户后台	POST	deliveryOrderSync	merchantStoreOrderDeliverySync	同城配送再次同步	U		merchant/order.php	Order/deliveryOrderSync
商户后台	POST	updateDispatch/:id	merchantStoreOrderDeliveryUpdateDispatch	同城配送改派	U		merchant/order.php	Order/deliveryUpdateDispatch
商户后台	GET	detail/:id	merchantStoreOrderDetail	详情	R		merchant/order.php	Order/detail
商户后台	GET	excel	merchantStoreOrderExcel	导出	R		merchant/order.php	Order/excel
商户后台	GET	express/:id	merchantStoreOrderExpress	快递查询	R		merchant/order.php	Order/express
商户后台	GET	filtter	merchantStoreOrderFiltter	类型	O		merchant/order.php	Order/orderType
商户后台	GET	shipment/getPrice/:id	merchantStoreOrderGetPrice	获取商家寄件价格	R		merchant/order.php	Order/getPrice
商户后台	GET	log/:id	merchantStoreOrderLog	操作记录	R		merchant/order.php	Order/status
商户后台	GET	lst	merchantStoreOrderLst	列表	R		merchant/order.php	Order/lst
商户后台	GET	note	merchantStoreOrderNote	配货单	O		merchant/order.php	Order/note
商户后台	POST	offline/:id	merchantStoreOrderOffline	线下支付	C		merchant/order.php	Order/offline
商户后台	GET	printer/:id	merchantStoreOrderPrinter	打印小票	O		merchant/order.php	Order/printer
商户后台	POST	remark/:id	merchantStoreOrderRemark	备注	U		merchant/order.php	Order/remark
商户后台	GET	remark/:id/form	merchantStoreOrderRemarkForm	备注表单	U		merchant/order.php	Order/remarkForm
商户后台	POST	repeat_dump/:id	merchantStoreOrderRepeatDump	电子面单复打	O		merchant/order.php	Order/repeatDump
商户后台	POST	dispatch/:id	merchantStoreOrderReservationDispatch	预约订单派单	O		merchant/order.php	Order/reservationDispatch
商户后台	POST	reschedule/:id	merchantStoreOrderReservationReschedule	预约订单改约	O		merchant/order.php	Order/reservationReschedule
商户后台	POST	reservationTime/:id	merchantStoreOrderReservationTime	单独修改预约时间	U		merchant/order.php	Order/reservationTime
商户后台	POST	updateDispatch/:id	merchantStoreOrderReservationUpdateDispatch	预约订单改派	U		merchant/order.php	Order/reservationUpdateDispatch
商户后台	POST	verify/:id	merchantStoreOrderReservationVerify	预约订单核销	U		merchant/order.php	Order/reservationVerify
商户后台	GET	shipment/list	merchantStoreOrderShipmentList	获取商家寄件价格	R		merchant/order.php	Order/shipmentList
商户后台	GET	title	merchantStoreOrderStat	头部统计	R		merchant/order.php	Order/title
商户后台	GET	take_title	merchantStoreOrderTakeTitle	统计	R		merchant/order.php	Order/takeTitle
商户后台	GET	chart	merchantStoreOrderTitle	统计	R		merchant/order.php	Order/chart
商户后台	POST	update/:id	merchantStoreOrderUpdate	编辑	U		merchant/order.php	Order/update
商户后台	GET	update/:id/form	merchantStoreOrderUpdateForm	编辑表单	U		merchant/order.php	Order/updateForm
商户后台	POST	verify/:id	merchantStoreOrderVerify	核销	U		merchant/order.php	Order/verify
商户后台	GET	verify/:code	merchantStoreOrderVerifyDetail	核销详情	RU		merchant/order.php	Order/verifyDetail
商户后台	POST	temp/create	merchantStoreParameterTemplateCreate	添加	C		merchant/product.php	/create
商户后台	DELETE	temp/delete/:id	merchantStoreParameterTemplateDelete	删除	D		merchant/product.php	/delete
商户后台	GET	temp/detail/:id	merchantStoreParameterTemplateDetail	详情	R		merchant/product.php	/detail
商户后台	GET	temp/lst	merchantStoreParameterTemplateLst	列表	R		merchant/product.php	/lst
商户后台	POST	temp/update/:id	merchantStoreParameterTemplateUpdate	编辑	U		merchant/product.php	/update
商户后台	GET	lst	merchantStorePrinterLst	列表	R		merchant/system.php	/lst
商户后台	POST	create	merchantStoreProductAssistCreate	添加	C		merchant/marketing.php	/create
商户后台	DELETE	delete/:id	merchantStoreProductAssistDelete	删除	D		merchant/marketing.php	/delete
商户后台	GET	detail/:id	merchantStoreProductAssistDetail	详情	R		merchant/marketing.php	/detail
商户后台	POST	labels/:id	merchantStoreProductAssistLabels	设置标签	U		merchant/marketing.php	/setLabels
商户后台	GET	lst	merchantStoreProductAssistLst	列表 	R		merchant/marketing.php	/lst
商户后台	POST	preview	merchantStoreProductAssistPreview	预览	R		merchant/marketing.php	/preview
商户后台	GET	detail/:id	merchantStoreProductAssistSetDetail	活动详情	R		merchant/marketing.php	/detail
商户后台	GET	lst	merchantStoreProductAssistSetLst	活动列表	R		merchant/marketing.php	/lst
商户后台	POST	status/:id	merchantStoreProductAssistStatus	修改状态	U		merchant/marketing.php	/switchStatus
商户后台	POST	update/:id	merchantStoreProductAssistUpdate	编辑	U		merchant/marketing.php	/update
商户后台	POST	sort/:id	merchantStoreProductAssistUpdateSort	排序	U		merchant/marketing.php	/updateSort
商户后台	GET	attr_value/:id	merchantStoreProductAttrValue	获取规格	R		merchant/product.php	/getAttrValue
商户后台	DELETE	batch_delete	merchantStoreProductBatchDelete	批量加入回收站	D		merchant/product.php	/batchDelete
商户后台	POST	batch_guarantee	merchantStoreProductBatchGuarantee	批量设置服务保障	U		merchant/product.php	/batchGuarantee
商户后台	POST	batch_restore	merchantStoreProductBatchRestore	批量恢复	O		merchant/product.php	/batchRestore
商户后台	POST	create	merchantStoreProductCdkeyCreate	添加卡密	C		merchant/product.php	ProductCdkey/create
商户后台	DELETE	delete/:id	merchantStoreProductCdkeyDelete	删除卡密	D		merchant/product.php	ProductCdkey/delete
商户后台	POST	library/create	merchantStoreProductCdkeyLibraryCreate	添加	C		merchant/product.php	CdkeyLibrary/create
商户后台	GET	library/lst	merchantStoreProductCdkeyLibraryLst	列表	R		merchant/product.php	CdkeyLibrary/lst
商户后台	POST	library/update/:id	merchantStoreProductCdkeyLibraryUpdate	编辑	U		merchant/product.php	CdkeyLibrary/update
商户后台	GET	library/update/:id/form	merchantStoreProductCdkeyLibraryUpdateForm	编辑表单	U		merchant/product.php	CdkeyLibrary/updateForm
商户后台	GET	lst	merchantStoreProductCdkeyLst	卡密列表	R		merchant/product.php	ProductCdkey/lst
商户后台	POST	update/:id	merchantStoreProductCdkeyUpdate	编辑卡密	U		merchant/product.php	ProductCdkey/update
商户后台	GET	count	merchantStoreProductCopyCount	统计	R		merchant/product.php	/count
商户后台	GET	get	merchantStoreProductCopyGet	获取信息	R		merchant/product.php	/get
商户后台	GET	lst	merchantStoreProductCopyLst	列表	R		merchant/product.php	/lst
商户后台	POST	save	merchantStoreProductCopySave	保存	C		merchant/product.php	/save
商户后台	POST	create	merchantStoreProductCreate	添加	C		merchant/product.php	/create
商户后台	DELETE	delete/:id	merchantStoreProductDelete	加入回收站	D		merchant/product.php	/delete
商户后台	DELETE	destory/:id	merchantStoreProductDestory	彻底删除	D		merchant/product.php	/destory
商户后台	GET	detail/:id	merchantStoreProductDetail	详情	R		merchant/product.php	/detail
商户后台	POST	get_attr_value/:id	merchantStoreProductFormatAttr	获取规格	R		merchant/product.php	/isFormatAttr
商户后台	POST	free_trial/:id	merchantStoreProductFreeTrial	免审编辑	U		merchant/product.php	/freeTrial
商户后台	GET	get_batch_list	merchantStoreProductGetBatchList	获取批量修改列表	RU		merchant/product.php	/getBatchList
商户后台	GET	get_edit/:id	merchantStoreProductGetEdit	编辑商品获取信息	RU		merchant/product.php	/getEdit
商户后台	GET	get_operate_list/:product_id	merchantStoreProductGetOperateList	操作记录	R		merchant/product.php	/getOperateList
商户后台	GET	detail/:id	merchantStoreProductGroupBuyingDetail	活动详情	R		merchant/marketing.php	/detail
商户后台	GET	lst	merchantStoreProductGroupBuyingLst	活动列表 	R		merchant/marketing.php	/lst
商户后台	POST	create	merchantStoreProductGroupCreate	添加	C		merchant/marketing.php	/create
商户后台	DELETE	delete/:id	merchantStoreProductGroupDelete	删除	D		merchant/marketing.php	/delete
商户后台	GET	detail/:id	merchantStoreProductGroupDetail	详情	R		merchant/marketing.php	/detail
商户后台	POST	labels/:id	merchantStoreProductGroupLabels	设置标签	U		merchant/marketing.php	/setLabels
商户后台	GET	lst	merchantStoreProductGroupLst	列表	R		merchant/marketing.php	/lst
商户后台	POST	preview	merchantStoreProductGroupPreview	预览	R		merchant/marketing.php	/preview
商户后台	POST	sort/:id	merchantStoreProductGroupSort	排序	U		merchant/marketing.php	/updateSort
商户后台	POST	status/:id	merchantStoreProductGroupStatus	修改状态	U		merchant/marketing.php	/switchStatus
商户后台	POST	update/:id	merchantStoreProductGroupUpdate	编辑	U		merchant/marketing.php	/update
商户后台	POST	create	merchantStoreProductLabelCreate	添加	C		merchant/product.php	/create
商户后台	GET	create/form	merchantStoreProductLabelCreateForm	添加表单	C		merchant/product.php	/createForm
商户后台	DELETE	delete/:id	merchantStoreProductLabelDelete	删除	D		merchant/product.php	/delete
商户后台	GET	detail/:id	merchantStoreProductLabelDetail	详情	R		merchant/product.php	/detail
商户后台	GET	lst	merchantStoreProductLabelLst	列表	R		merchant/product.php	/lst
商户后台	POST	status/:id	merchantStoreProductLabelStatus	修改状态	U		merchant/product.php	/switchWithStatus
商户后台	POST	update/:id	merchantStoreProductLabelUpdate	编辑	U		merchant/product.php	/update
商户后台	GET	update/:id/form	merchantStoreProductLabelUpdateForm	编辑表单	U		merchant/product.php	/updateForm
商户后台	POST	labels/:id	merchantStoreProductLabels	标签	O		merchant/product.php	/setLabels
商户后台	GET	lst	merchantStoreProductLst	列表	R		merchant/product.php	/lst
商户后台	GET	lst_filter	merchantStoreProductLstFilter	头部统计	R		merchant/product.php	/getStatusFilter
商户后台	POST	create	merchantStoreProductPresellCreate	添加	C		merchant/marketing.php	/create
商户后台	DELETE	delete/:id	merchantStoreProductPresellDelete	删除	D		merchant/marketing.php	/delete
商户后台	GET	detail/:id	merchantStoreProductPresellDetail	详情	R		merchant/marketing.php	/detail
商户后台	GET	lst	merchantStoreProductPresellLst	列表	R		merchant/marketing.php	/lst
商户后台	POST	preview	merchantStoreProductPresellPreview	预览	R		merchant/marketing.php	/preview
商户后台	POST	status/:id	merchantStoreProductPresellStatus	修改状态	U		merchant/marketing.php	/switchStatus
商户后台	POST	update/:id	merchantStoreProductPresellUpdate	编辑	U		merchant/marketing.php	/update
商户后台	POST	sort/:id	merchantStoreProductPresellUpdateSort	排序	U		merchant/marketing.php	/updateSort
商户后台	POST	labels/:id	merchantStoreProductPreselltLabels	设置标签	U		merchant/marketing.php	/setLabels
商户后台	POST	preview	merchantStoreProductPreview	预览	R		merchant/product.php	/preview
商户后台	POST	restore/:id	merchantStoreProductRestore	恢复	O		merchant/product.php	/restore
商户后台	POST	batch_ext	merchantStoreProductSwitchBatchExtension	批量设置推荐	U		merchant/product.php	/batchExtension
商户后台	POST	batch_hot	merchantStoreProductSwitchBatchHot	批量设置推荐	U		merchant/product.php	/batchHot
商户后台	POST	batch_labels	merchantStoreProductSwitchBatchLabels	批量设置标签	U		merchant/product.php	/batchLabels
商户后台	POST	batch_process	merchantStoreProductSwitchBatchProcess	批量修改商品属性	U		merchant/product.php	/batchProcess
商户后台	POST	batch_status	merchantStoreProductSwitchBatchStatus	批量上下架	U		merchant/product.php	/batchShow
商户后台	POST	batch_svip	merchantStoreProductSwitchBatchSvipType	批量设置会员价	U		merchant/product.php	/batchSvipType
商户后台	POST	batch_temp	merchantStoreProductSwitchBatchTemplate	批量设置运费模板	U		merchant/product.php	/batchTemplate
商户后台	POST	status/:id	merchantStoreProductSwitchStatus	上下架	U		merchant/product.php	/switchStatus
商户后台	GET	temp_key	merchantStoreProductTempKey	上传视频配置	CU		merchant/product.php	/temp_key
商户后台	POST	unbind	merchantStoreProductUnbind	操作记录	R		merchant/product.php	/unbind
商户后台	POST	create	merchantStoreProductUnitCreate	商品单位添加	C		merchant/product.php	/create
商户后台	GET	create/form	merchantStoreProductUnitCreateForm	商品单位添加表单	C		merchant/product.php	/createForm
商户后台	DELETE	delete/:id	merchantStoreProductUnitDelete	商品单位删除	D		merchant/product.php	/delete
商户后台	GET	list	merchantStoreProductUnitLst	商品单位列表	R		merchant/product.php	/list
商户后台	POST	update/:id	merchantStoreProductUnitUpdate	商品单位编辑	U		merchant/product.php	/update
商户后台	GET	update/:id/form	merchantStoreProductUnitUpdateForm	商品单位编辑表单	U		merchant/product.php	/updateForm
商户后台	POST	update/:id	merchantStoreProductUpdate	编辑	U		merchant/product.php	/update
商户后台	POST	sort/:id	merchantStoreProductUpdateSort	排序	U		merchant/product.php	/updateSort
商户后台	GET	excel	merchantStoreRefundCreateExcel	导出	CR		merchant/order.php	/createExcel
商户后台	DELETE	delete/:id	merchantStoreRefundDelete	删除	D		merchant/order.php	/delete
商户后台	GET	express/:id	merchantStoreRefundExpress	快递查询	R		merchant/order.php	/express
商户后台	GET	log/:id	merchantStoreRefundLog	操作记录	R		merchant/order.php	/log
商户后台	POST	mark/:id	merchantStoreRefundMark	备注	U		merchant/order.php	/mark
商户后台	GET	mark/:id/form	merchantStoreRefundMarkForm	备注表单	U		merchant/order.php	/markForm
商户后台	POST	create	merchantStoreRefundOrderCreate	创建	C		merchant/order.php	/create
商户后台	GET	detail/:id	merchantStoreRefundOrderDetail	详情	R		merchant/order.php	/detail
商户后台	GET	lst	merchantStoreRefundOrderLst	列表	R		merchant/order.php	/lst
商户后台	POST	refund/:id	merchantStoreRefundOrderRefund	收到退回商品后确认退款	UD		merchant/order.php	/refundPrice
商户后台	POST	status/:id	merchantStoreRefundOrderSwitchStatus	审核	U		merchant/order.php	/switchStatus
商户后台	GET	status/:id/form	merchantStoreRefundOrderSwitchStatusForm	审核表单	U		merchant/order.php	/switchStatusForm
商户后台	POST	create	merchantStoreReservationProductCreate	添加预约商品	C		merchant/product.php	/create
商户后台	GET	detail/:id	merchantStoreReservationProductDetail	预约商品详情	R		merchant/product.php	/detail
商户后台	POST	edit/:id	merchantStoreReservationProductEdit	编辑预约商品	U		merchant/product.php	/edit
商户后台	GET	edit/:id	merchantStoreReservationProductEditInfo	获取预约商品	R		merchant/product.php	/editInfo
商户后台	POST	setStock/:id	merchantStoreReservationProductEditStock	批量修改预约商品库存	U		merchant/product.php	/batchSetReservationProductStock
商户后台	GET	showDay/:id	merchantStoreReservationProductShowDay	商品日历day	O		merchant/product.php	/showDay
商户后台	GET	showMonth/:id	merchantStoreReservationProductShowMonth	商品日历month	O		merchant/product.php	/showMonth
商户后台	GET	chart_order/:id	merchantStoreSeckillActiveChartOrder	活动订单统计列表	R		merchant/marketing.php	/chart_order
商户后台	GET	chart_panel/:id	merchantStoreSeckillActiveChartPanel	活动统计数据面板	R		merchant/marketing.php	/chart_panel
商户后台	GET	chart_people/:id	merchantStoreSeckillActiveChartPeople	活动参与人统计列表	R		merchant/marketing.php	/chart_people
商户后台	GET	chart_product/:id	merchantStoreSeckillActiveChartProduct	活动商品统计列表	R		merchant/marketing.php	/chart_product
商户后台	GET	select	merchantStoreSeckillActiveGetActiveAll	列表	R		merchant/marketing.php	/select
商户后台	GET	detail/:id	merchantStoreSeckillActiveGetActiveInfo	详情	R		merchant/marketing.php	/detail
商户后台	GET	lst	merchantStoreSeckillActiveGetActiveList	列表	R		merchant/marketing.php	/list
商户后台	POST	create	merchantStoreSeckillProductCreate	添加 	C		merchant/marketing.php	/create
商户后台	DELETE	delete/:id	merchantStoreSeckillProductDelete	加入回收站	D		merchant/marketing.php	/delete
商户后台	DELETE	destory/:id	merchantStoreSeckillProductDestory	删除	D		merchant/marketing.php	/destory
商户后台	GET	detail/:id	merchantStoreSeckillProductDetail	详情	R		merchant/marketing.php	/detail
商户后台	GET	product_list	merchantStoreSeckillProductGetProductList	商品列表	R		merchant/marketing.php	/get_product_list
商户后台	GET	list	merchantStoreSeckillProductLst	列表	R		merchant/marketing.php	/get_list
商户后台	GET	lst_filter	merchantStoreSeckillProductLstFilter	统计	R		merchant/marketing.php	/getStatusFilter
商户后台	GET	lst	merchantStoreSeckillProductPageLst	分页列表	R		merchant/marketing.php	/get_page_list
商户后台	POST	preview	merchantStoreSeckillProductPreview	预览	R		merchant/marketing.php	/preview
商户后台	POST	restore/:id	merchantStoreSeckillProductRestore	恢复	O		merchant/marketing.php	/restore
商户后台	POST	labels/:id	merchantStoreSeckillProductSetLabels	设置标签	U		merchant/marketing.php	/setLabels
商户后台	POST	status/:id	merchantStoreSeckillProductSwitchStatus	修改状态	U		merchant/marketing.php	/switchStatus
商户后台	POST	update/:id	merchantStoreSeckillProductUpdate	修改商品	U		merchant/marketing.php	/update
商户后台	POST	sort/:id	merchantStoreSeckillProductUpdateSort	排序	U		merchant/marketing.php	/updateSort
商户后台	POST	create	merchantStoreShippingTemplateCreate	添加 	C		merchant/delivery.php	/create
商户后台	DELETE	delete/:id	merchantStoreShippingTemplateDelete	删除	D		merchant/delivery.php	/delete
商户后台	GET	detail/:id	merchantStoreShippingTemplateDetail	详情	R		merchant/delivery.php	/detail
商户后台	GET	lst	merchantStoreShippingTemplateLst	列表	R		merchant/delivery.php	/lst
商户后台	GET	setDefault/:id	merchantStoreShippingTemplateSetDefault	设置默认模板	U		merchant/delivery.php	/setDefault
商户后台	POST	update/:id	merchantStoreShippingTemplateUpdate	编辑	U		merchant/delivery.php	/update
商户后台	GET	takelst	merchantStoreTakeOrderLst	列表	R		merchant/order.php	Order/takeLst
商户后台	GET	takechart	merchantStoreTakeOrderTitle	统计	R		merchant/order.php	Order/takeChart
商户后台	GET	take/info	merchantTakeInfo	到店自提信息	O		merchant/system.php	merchant.system.Merchant/takeInfo
商户后台	POST	take/update	merchantTakeUpdate	保存到店自提信息	CU		merchant/system.php	merchant.system.Merchant/take
商户后台	POST	info/update	merchantUpdate	资料更新	U		merchant/system.php	merchant.system.Merchant/update
商户后台	GET	update/form	merchantUpdateForm	编辑	U		merchant/system.php	merchant.system.Merchant/updateForm
商户后台	POST	change_label/:id	merchantUserChangeLabel	修改标签	U		merchant/users.php	/changeLabel
商户后台	GET	change_label/form/:id	merchantUserChangeLabelForm	修改标签表单	U		merchant/users.php	/changeLabelForm
商户后台	GET	user/clear_search_log	merchantUserClearSearchLog	清除用户搜索记录	R		merchant/users.php	admin.user.User/clearSearchLog
商户后台	GET	coupon/:uid	merchantUserCoupon	优惠券	O		merchant/users.php	/coupon
商户后台	POST	user/label	merchantUserLabelCreate	添加	C		merchant/users.php	/create
商户后台	GET	form	merchantUserLabelCreateForm	添加表单	C		merchant/users.php	/createForm
商户后台	DELETE	:id	merchantUserLabelDelete	删除	D		merchant/users.php	/delete
商户后台	GET	lst	merchantUserLabelLst	列表	R		merchant/users.php	/lst
商户后台	POST	:id	merchantUserLabelUpdate	编辑	U		merchant/users.php	/update
商户后台	GET	form/:id	merchantUserLabelUpdateForm	编辑表单	U		merchant/users.php	/updateForm
商户后台	GET	lst	merchantUserLst	列表	R		merchant/users.php	/getList
商户后台	GET	order/:uid	merchantUserOrder	订单列表	R		merchant/users.php	/order
商户后台	POST	create	smerchantGuaranteeCreate	添加	C		merchant/product.php	/create
商户后台	POST	update/:id	systemCouponUpdate	编辑	U		merchant/coupon.php	/update
商户后台	GET	update/:id/form	systemCouponUpdateForm	编辑表单	U		merchant/coupon.php	/updateForm
商户后台	DELETE	del/:id	systemNoticeLogDel	删除	D		merchant/system.php	/del
商户后台	GET	detail/:id	systemNoticeLogDetail	详情	R		merchant/system.php	/detail
商户后台	GET	lst	systemNoticeLogList	列表	R		merchant/system.php	/lst
商户后台	POST	read/:id	systemNoticeLogRead	已读	O		merchant/system.php	/read
商户后台	GET	unread_count	systemNoticeLogUnreadCount	未读统计	R		merchant/system.php	/unreadCount
商户后台	GET	code	merchantStoreDeliveryGetQrcode	充值二维码	CR	/delivery/recharge_record	merchant/delivery.php	/getQrcode
商户后台	GET	payLst	merchantStoreDeliveryPayLst	充值记录	CR	/delivery/recharge_record	merchant/delivery.php	/payLst
商户后台	GET	diy/link/lst	merchantDiyPageLinkLst	列表	R	/devise/diy/list	merchant/diy.php	admin.system.diy.PageLink/lst
商户后台	GET	store/coupon_send/lst	merchantCouponSendLst	发送优惠券记录	CR	/marketing/coupon/send	merchant/coupon.php	merchant.store.coupon.CouponSend/lst
商户后台	GET	issue	merchantCouponIssue	使用记录	R	/marketing/coupon/user	merchant/coupon.php	/issue
商户后台	GET	/dump_lst	merchantServeExportDumpLst	使用记录	R	/setting/sms/sms_config/index	merchant/yihaotong.php	admin.system.serve.Export/dumpLst
商户后台	GET	system/admin/log	merchantAdminLog	操作日志	R	/setting/systemLog	merchant/role.php	admin.system.admin.AdminLog/lst
商户后台	GET	change/color	merchantGetChangeColor	一键换色	R	/setting/theme_style	merchant/diy.php	admin.Common/getChangeColor
商户后台	GET	store/coupon/product/:id	merchantCouponProduct	优惠券可用商品	O	/user/list	merchant/coupon.php	admin.store.Coupon/product
商户后台	GET	user/search_log	merchantUserSearchLog	搜索记录	R	/user/searchRecord	merchant/users.php	admin.user.User/SearchLog
商户后台	GET	config/:key	merchantConfigForm	配置获取	RU	config	merchant/config.php	admin.system.config.Config/form
商户后台	POST	config/save/:key	merchantConfigSave	配置保存	CU	config	merchant/config.php	admin.system.config.ConfigValue/save
